PRODUCT,TRANSACTION_YEAR,COUNTRY,TOTAL_SALES
Acer,2015,AUSTRALIA,160000
Acer,2015,INDIA,22700
Acer,2015,JAPAN,213800
Acer,2015,MALAYSIA,36100
Acer,2015,NEW ZEALAND,43100
Acer,2015,SINGAPORE,149600
AGB,2015,AUSTRALIA,61000
AGB,2015,INDIA,63600
AGB,2015,JAPAN,100900
AGB,2015,MALAYSIA,72200
AGB,2015,NEW ZEALAND,123200
AGB,2015,SINGAPORE,47400
Apple,2015,AUSTRALIA,139200
Apple,2015,INDIA,297800
Apple,2015,JAPAN,141600
Apple,2015,MALAYSIA,53600
Apple,2015,NEW ZEALAND,196200
Apple,2015,SINGAPORE,186300
Asus,2015,AUSTRALIA,62600
Asus,2015,INDIA,185500
Asus,2015,JAPAN,118500
Asus,2015,MALAYSIA,55700
Asus,2015,NEW ZEALAND,120000
Asus,2015,SINGAPORE,224900
Avita,2015,AUSTRALIA,67200
Avita,2015,INDIA,236400
Avita,2015,JAPAN,252000
Avita,2015,MALAYSIA,167000
Avita,2015,NEW ZEALAND,12600
Avita,2015,SINGAPORE,117800
Dell,2015,AUSTRALIA,89800
Dell,2015,INDIA,112600
Dell,2015,JAPAN,267400
Dell,2015,MALAYSIA,14700
Dell,2015,NEW ZEALAND,137400
Dell,2015,SINGAPORE,185000
Fujitsu,2015,AUSTRALIA,90900
Fujitsu,2015,INDIA,145400
Fujitsu,2015,JAPAN,375600
Fujitsu,2015,MALAYSIA,206800
Fujitsu,2015,NEW ZEALAND,267200
Fujitsu,2015,SINGAPORE,99200
HP,2015,AUSTRALIA,135900
HP,2015,INDIA,167800
HP,2015,JAPAN,105800
HP,2015,MALAYSIA,182200
HP,2015,NEW ZEALAND,182400
HP,2015,SINGAPORE,181100
Huawei,2015,AUSTRALIA,161000
Huawei,2015,INDIA,64600
Huawei,2015,JAPAN,266300
Huawei,2015,MALAYSIA,154000
Huawei,2015,NEW ZEALAND,163400
Huawei,2015,SINGAPORE,48200
iBall,2015,AUSTRALIA,110600
iBall,2015,INDIA,72300
iBall,2015,MALAYSIA,24000
iBall,2015,NEW ZEALAND,377600
iBall,2015,SINGAPORE,169900
I-Life,2015,AUSTRALIA,124800
I-Life,2015,JAPAN,38200
I-Life,2015,MALAYSIA,240500
I-Life,2015,NEW ZEALAND,94500
I-Life,2015,SINGAPORE,402500
Lava,2015,AUSTRALIA,105500
Lava,2015,INDIA,81000
Lava,2015,JAPAN,203500
Lava,2015,MALAYSIA,136500
Lava,2015,NEW ZEALAND,79200
Lava,2015,SINGAPORE,21400
Lenovo,2015,AUSTRALIA,87500
Lenovo,2015,JAPAN,76100
Lenovo,2015,MALAYSIA,97500
Lenovo,2015,NEW ZEALAND,300100
Lenovo,2015,SINGAPORE,225500
LG,2015,AUSTRALIA,161200
LG,2015,INDIA,139300
LG,2015,JAPAN,192900
LG,2015,NEW ZEALAND,211800
LG,2015,SINGAPORE,110400
Micromax,2015,AUSTRALIA,63900
Micromax,2015,INDIA,124900
Micromax,2015,JAPAN,78300
Micromax,2015,MALAYSIA,81100
Micromax,2015,NEW ZEALAND,140200
Micromax,2015,SINGAPORE,72400
MSI,2015,AUSTRALIA,10300
MSI,2015,INDIA,43800
MSI,2015,JAPAN,57800
MSI,2015,MALAYSIA,63500
MSI,2015,NEW ZEALAND,113500
MSI,2015,SINGAPORE,77000
Razer,2015,AUSTRALIA,82500
Razer,2015,INDIA,153000
Razer,2015,JAPAN,77900
Razer,2015,MALAYSIA,130400
Razer,2015,SINGAPORE,124300
RDP,2015,AUSTRALIA,286100
RDP,2015,INDIA,144200
RDP,2015,JAPAN,118800
RDP,2015,MALAYSIA,17800
RDP,2015,SINGAPORE,199100
Reach,2015,AUSTRALIA,247600
Reach,2015,INDIA,51000
Reach,2015,JAPAN,131500
Reach,2015,MALAYSIA,87500
Reach,2015,SINGAPORE,251500
Samsung,2015,AUSTRALIA,205600
Samsung,2015,INDIA,171900
Samsung,2015,JAPAN,159000
Samsung,2015,MALAYSIA,49000
Samsung,2015,NEW ZEALAND,54100
Samsung,2015,SINGAPORE,98500
Sony,2015,AUSTRALIA,126100
Sony,2015,INDIA,104400
Sony,2015,JAPAN,125100
Sony,2015,MALAYSIA,108000
Sony,2015,NEW ZEALAND,34500
Sony,2015,SINGAPORE,193800
Toshiba,2015,AUSTRALIA,76900
Toshiba,2015,INDIA,215200
Toshiba,2015,JAPAN,246800
Toshiba,2015,MALAYSIA,54000
Toshiba,2015,NEW ZEALAND,155800
Toshiba,2015,SINGAPORE,245000
Xiaomi,2015,AUSTRALIA,331700
Xiaomi,2015,INDIA,99600
Xiaomi,2015,JAPAN,99000
Xiaomi,2015,MALAYSIA,49300
Xiaomi,2015,NEW ZEALAND,176100
Xiaomi,2015,SINGAPORE,129100
Acer,2016,AUSTRALIA,257000
Acer,2016,INDIA,155400
Acer,2016,JAPAN,202600
Acer,2016,MALAYSIA,148000
Acer,2016,NEW ZEALAND,85600
Acer,2016,SINGAPORE,197300
AGB,2016,INDIA,209200
AGB,2016,JAPAN,152200
AGB,2016,NEW ZEALAND,214600
AGB,2016,SINGAPORE,236700
Apple,2016,AUSTRALIA,67900
Apple,2016,INDIA,141800
Apple,2016,JAPAN,106500
Apple,2016,MALAYSIA,119900
Apple,2016,NEW ZEALAND,167000
Apple,2016,SINGAPORE,236300
Asus,2016,AUSTRALIA,128900
Asus,2016,INDIA,97700
Asus,2016,JAPAN,413500
Asus,2016,MALAYSIA,174100
Asus,2016,NEW ZEALAND,164100
Asus,2016,SINGAPORE,164000
Avita,2016,AUSTRALIA,254400
Avita,2016,INDIA,137900
Avita,2016,JAPAN,15300
Avita,2016,MALAYSIA,130000
Avita,2016,NEW ZEALAND,160700
Avita,2016,SINGAPORE,218600
Dell,2016,AUSTRALIA,145400
Dell,2016,JAPAN,392600
Dell,2016,MALAYSIA,150600
Dell,2016,NEW ZEALAND,129800
Dell,2016,SINGAPORE,79900
Fujitsu,2016,AUSTRALIA,136300
Fujitsu,2016,INDIA,179200
Fujitsu,2016,JAPAN,28800
Fujitsu,2016,MALAYSIA,78300
Fujitsu,2016,NEW ZEALAND,143700
Fujitsu,2016,SINGAPORE,97000
HP,2016,AUSTRALIA,195900
HP,2016,INDIA,123600
HP,2016,JAPAN,75900
HP,2016,MALAYSIA,183200
HP,2016,NEW ZEALAND,36900
HP,2016,SINGAPORE,50200
Huawei,2016,INDIA,140500
Huawei,2016,JAPAN,22700
Huawei,2016,MALAYSIA,149400
Huawei,2016,SINGAPORE,219800
iBall,2016,AUSTRALIA,16900
iBall,2016,INDIA,11700
iBall,2016,JAPAN,197100
iBall,2016,MALAYSIA,101700
iBall,2016,NEW ZEALAND,35000
iBall,2016,SINGAPORE,168900
I-Life,2016,AUSTRALIA,246300
I-Life,2016,INDIA,62200
I-Life,2016,JAPAN,64300
I-Life,2016,MALAYSIA,240000
I-Life,2016,SINGAPORE,104700
Lava,2016,AUSTRALIA,33100
Lava,2016,INDIA,222200
Lava,2016,JAPAN,28100
Lava,2016,MALAYSIA,58500
Lava,2016,NEW ZEALAND,115200
Lava,2016,SINGAPORE,208300
Lenovo,2016,AUSTRALIA,255500
Lenovo,2016,INDIA,365700
Lenovo,2016,JAPAN,172800
Lenovo,2016,MALAYSIA,66400
Lenovo,2016,NEW ZEALAND,37400
Lenovo,2016,SINGAPORE,127000
LG,2016,AUSTRALIA,119800
LG,2016,INDIA,358800
LG,2016,JAPAN,262600
LG,2016,MALAYSIA,80100
LG,2016,NEW ZEALAND,296400
LG,2016,SINGAPORE,97200
Micromax,2016,AUSTRALIA,145300
Micromax,2016,INDIA,172200
Micromax,2016,JAPAN,114800
Micromax,2016,MALAYSIA,165000
Micromax,2016,NEW ZEALAND,29000
Micromax,2016,SINGAPORE,72400
MSI,2016,AUSTRALIA,174100
MSI,2016,INDIA,20900
MSI,2016,JAPAN,36200
MSI,2016,MALAYSIA,256800
MSI,2016,NEW ZEALAND,84700
MSI,2016,SINGAPORE,63000
Razer,2016,AUSTRALIA,119200
Razer,2016,INDIA,182800
Razer,2016,JAPAN,313000
Razer,2016,MALAYSIA,225400
Razer,2016,NEW ZEALAND,63600
Razer,2016,SINGAPORE,78300
RDP,2016,AUSTRALIA,230500
RDP,2016,INDIA,104800
RDP,2016,JAPAN,42200
RDP,2016,MALAYSIA,91200
RDP,2016,NEW ZEALAND,60000
RDP,2016,SINGAPORE,44300
Reach,2016,AUSTRALIA,107400
Reach,2016,INDIA,119600
Reach,2016,JAPAN,101800
Reach,2016,MALAYSIA,35900
Reach,2016,NEW ZEALAND,302800
Reach,2016,SINGAPORE,14200
Samsung,2016,AUSTRALIA,100700
Samsung,2016,INDIA,150900
Samsung,2016,JAPAN,76700
Samsung,2016,MALAYSIA,130500
Samsung,2016,NEW ZEALAND,194300
Samsung,2016,SINGAPORE,66000
Sony,2016,AUSTRALIA,104100
Sony,2016,INDIA,178700
Sony,2016,JAPAN,154000
Sony,2016,MALAYSIA,157600
Sony,2016,NEW ZEALAND,50700
Sony,2016,SINGAPORE,72800
Toshiba,2016,AUSTRALIA,269500
Toshiba,2016,INDIA,258900
Toshiba,2016,JAPAN,71800
Toshiba,2016,MALAYSIA,125300
Toshiba,2016,NEW ZEALAND,331500
Toshiba,2016,SINGAPORE,15100
Xiaomi,2016,AUSTRALIA,87800
Xiaomi,2016,INDIA,66400
Xiaomi,2016,JAPAN,223600
Xiaomi,2016,MALAYSIA,129800
Xiaomi,2016,NEW ZEALAND,79100
Xiaomi,2016,SINGAPORE,88700
Acer,2017,AUSTRALIA,219100
Acer,2017,INDIA,95500
Acer,2017,JAPAN,110900
Acer,2017,MALAYSIA,217300
Acer,2017,NEW ZEALAND,167200
AGB,2017,AUSTRALIA,109100
AGB,2017,INDIA,304200
AGB,2017,JAPAN,134600
AGB,2017,MALAYSIA,126200
AGB,2017,NEW ZEALAND,226400
AGB,2017,SINGAPORE,123000
Apple,2017,AUSTRALIA,116200
Apple,2017,INDIA,256800
Apple,2017,JAPAN,219900
Apple,2017,MALAYSIA,265300
Apple,2017,NEW ZEALAND,47300
Apple,2017,SINGAPORE,29600
Asus,2017,AUSTRALIA,104800
Asus,2017,INDIA,106900
Asus,2017,JAPAN,112200
Asus,2017,MALAYSIA,60100
Asus,2017,NEW ZEALAND,67100
Asus,2017,SINGAPORE,55800
Avita,2017,AUSTRALIA,197000
Avita,2017,JAPAN,169400
Avita,2017,MALAYSIA,87300
Avita,2017,NEW ZEALAND,32900
Avita,2017,SINGAPORE,85000
Dell,2017,INDIA,162900
Dell,2017,JAPAN,424300
Dell,2017,NEW ZEALAND,54200
Dell,2017,SINGAPORE,195700
Fujitsu,2017,AUSTRALIA,21500
Fujitsu,2017,INDIA,284400
Fujitsu,2017,JAPAN,113200
Fujitsu,2017,MALAYSIA,219700
Fujitsu,2017,NEW ZEALAND,48500
Fujitsu,2017,SINGAPORE,172900
HP,2017,AUSTRALIA,173300
HP,2017,INDIA,67600
HP,2017,JAPAN,87900
HP,2017,MALAYSIA,31900
HP,2017,NEW ZEALAND,102800
HP,2017,SINGAPORE,120800
Huawei,2017,AUSTRALIA,212500
Huawei,2017,INDIA,72300
Huawei,2017,JAPAN,235000
Huawei,2017,MALAYSIA,99900
Huawei,2017,NEW ZEALAND,318300
Huawei,2017,SINGAPORE,66100
iBall,2017,AUSTRALIA,219800
iBall,2017,JAPAN,143200
iBall,2017,MALAYSIA,280700
iBall,2017,NEW ZEALAND,196300
iBall,2017,SINGAPORE,303100
I-Life,2017,AUSTRALIA,129700
I-Life,2017,INDIA,112300
I-Life,2017,JAPAN,33600
I-Life,2017,MALAYSIA,55700
I-Life,2017,NEW ZEALAND,73200
I-Life,2017,SINGAPORE,126500
Lava,2017,AUSTRALIA,63900
Lava,2017,INDIA,155400
Lava,2017,MALAYSIA,126000
Lava,2017,NEW ZEALAND,365900
Lava,2017,SINGAPORE,203600
Lenovo,2017,AUSTRALIA,31900
Lenovo,2017,JAPAN,99800
Lenovo,2017,MALAYSIA,70000
Lenovo,2017,NEW ZEALAND,74100
LG,2017,AUSTRALIA,169000
LG,2017,INDIA,151600
LG,2017,JAPAN,136400
LG,2017,MALAYSIA,90300
LG,2017,NEW ZEALAND,46600
LG,2017,SINGAPORE,86200
Micromax,2017,AUSTRALIA,170600
Micromax,2017,INDIA,36100
Micromax,2017,JAPAN,57800
Micromax,2017,MALAYSIA,40400
Micromax,2017,NEW ZEALAND,239800
Micromax,2017,SINGAPORE,265800
MSI,2017,AUSTRALIA,96100
MSI,2017,INDIA,45500
MSI,2017,JAPAN,173200
MSI,2017,MALAYSIA,103000
MSI,2017,NEW ZEALAND,158000
MSI,2017,SINGAPORE,165800
Razer,2017,AUSTRALIA,202600
Razer,2017,INDIA,71600
Razer,2017,JAPAN,59200
Razer,2017,MALAYSIA,15400
Razer,2017,NEW ZEALAND,58800
Razer,2017,SINGAPORE,68500
RDP,2017,AUSTRALIA,106300
RDP,2017,INDIA,50600
RDP,2017,JAPAN,120000
RDP,2017,MALAYSIA,28500
RDP,2017,NEW ZEALAND,201800
RDP,2017,SINGAPORE,83000
Reach,2017,AUSTRALIA,69300
Reach,2017,INDIA,39600
Reach,2017,JAPAN,48900
Reach,2017,MALAYSIA,212400
Reach,2017,NEW ZEALAND,72300
Reach,2017,SINGAPORE,15700
Samsung,2017,AUSTRALIA,36900
Samsung,2017,INDIA,110000
Samsung,2017,JAPAN,135000
Samsung,2017,MALAYSIA,27500
Samsung,2017,NEW ZEALAND,211400
Samsung,2017,SINGAPORE,193000
Sony,2017,AUSTRALIA,222000
Sony,2017,INDIA,331000
Sony,2017,JAPAN,162400
Sony,2017,MALAYSIA,41300
Sony,2017,NEW ZEALAND,159300
Sony,2017,SINGAPORE,131400
Toshiba,2017,AUSTRALIA,119600
Toshiba,2017,INDIA,142400
Toshiba,2017,JAPAN,26600
Toshiba,2017,MALAYSIA,237700
Toshiba,2017,NEW ZEALAND,274900
Toshiba,2017,SINGAPORE,205700
Xiaomi,2017,AUSTRALIA,236600
Xiaomi,2017,INDIA,146700
Xiaomi,2017,JAPAN,97300
Xiaomi,2017,MALAYSIA,243300
Xiaomi,2017,NEW ZEALAND,158700
Acer,2018,AUSTRALIA,90600
Acer,2018,INDIA,92300
Acer,2018,JAPAN,121700
Acer,2018,MALAYSIA,44600
Acer,2018,NEW ZEALAND,150100
Acer,2018,SINGAPORE,121700
AGB,2018,INDIA,74300
AGB,2018,JAPAN,115500
AGB,2018,NEW ZEALAND,374700
AGB,2018,SINGAPORE,92500
Apple,2018,AUSTRALIA,100200
Apple,2018,INDIA,162700
Apple,2018,JAPAN,220000
Apple,2018,MALAYSIA,58900
Apple,2018,NEW ZEALAND,162300
Apple,2018,SINGAPORE,148700
Asus,2018,AUSTRALIA,110400
Asus,2018,INDIA,83100
Asus,2018,JAPAN,182700
Asus,2018,MALAYSIA,78200
Asus,2018,NEW ZEALAND,42600
Asus,2018,SINGAPORE,66700
Avita,2018,AUSTRALIA,121600
Avita,2018,INDIA,103400
Avita,2018,JAPAN,26900
Avita,2018,MALAYSIA,84900
Avita,2018,NEW ZEALAND,199100
Avita,2018,SINGAPORE,70300
Dell,2018,AUSTRALIA,33900
Dell,2018,JAPAN,65100
Dell,2018,MALAYSIA,198400
Dell,2018,NEW ZEALAND,190000
Dell,2018,SINGAPORE,67500
Fujitsu,2018,AUSTRALIA,59500
Fujitsu,2018,JAPAN,152100
Fujitsu,2018,MALAYSIA,134000
Fujitsu,2018,NEW ZEALAND,125400
Fujitsu,2018,SINGAPORE,15200
HP,2018,AUSTRALIA,191800
HP,2018,INDIA,146700
HP,2018,MALAYSIA,56200
HP,2018,NEW ZEALAND,100700
HP,2018,SINGAPORE,111500
Huawei,2018,AUSTRALIA,14200
Huawei,2018,INDIA,58200
Huawei,2018,JAPAN,241800
Huawei,2018,MALAYSIA,138200
Huawei,2018,NEW ZEALAND,46100
Huawei,2018,SINGAPORE,67500
iBall,2018,AUSTRALIA,228300
iBall,2018,INDIA,352100
iBall,2018,JAPAN,104600
iBall,2018,MALAYSIA,49200
iBall,2018,NEW ZEALAND,134600
iBall,2018,SINGAPORE,88900
I-Life,2018,AUSTRALIA,217500
I-Life,2018,INDIA,78600
I-Life,2018,JAPAN,28100
I-Life,2018,NEW ZEALAND,40500
I-Life,2018,SINGAPORE,133100
Lava,2018,AUSTRALIA,62200
Lava,2018,INDIA,110000
Lava,2018,JAPAN,135300
Lava,2018,MALAYSIA,136300
Lava,2018,SINGAPORE,97500
Lenovo,2018,AUSTRALIA,60800
Lenovo,2018,INDIA,211300
Lenovo,2018,NEW ZEALAND,278500
Lenovo,2018,SINGAPORE,107100
LG,2018,AUSTRALIA,44500
LG,2018,INDIA,189700
LG,2018,JAPAN,244300
LG,2018,MALAYSIA,94600
LG,2018,NEW ZEALAND,62000
LG,2018,SINGAPORE,112100
Micromax,2018,AUSTRALIA,107200
Micromax,2018,INDIA,330600
Micromax,2018,JAPAN,130900
Micromax,2018,MALAYSIA,276600
Micromax,2018,NEW ZEALAND,28200
Micromax,2018,SINGAPORE,232100
MSI,2018,AUSTRALIA,199300
MSI,2018,INDIA,204400
MSI,2018,JAPAN,170500
MSI,2018,MALAYSIA,207600
MSI,2018,SINGAPORE,93500
Razer,2018,AUSTRALIA,141500
Razer,2018,INDIA,62300
Razer,2018,JAPAN,403600
RDP,2018,INDIA,291900
RDP,2018,JAPAN,196000
RDP,2018,MALAYSIA,29200
RDP,2018,NEW ZEALAND,238300
RDP,2018,SINGAPORE,19900
Reach,2018,AUSTRALIA,179900
Reach,2018,INDIA,294300
Reach,2018,JAPAN,132500
Reach,2018,MALAYSIA,358800
Reach,2018,NEW ZEALAND,79300
Reach,2018,SINGAPORE,287900
Samsung,2018,AUSTRALIA,146200
Samsung,2018,INDIA,195500
Samsung,2018,JAPAN,213100
Samsung,2018,MALAYSIA,178800
Samsung,2018,SINGAPORE,129400
Sony,2018,AUSTRALIA,113100
Sony,2018,INDIA,221400
Sony,2018,JAPAN,131100
Sony,2018,MALAYSIA,325600
Sony,2018,NEW ZEALAND,76600
Sony,2018,SINGAPORE,141000
Toshiba,2018,AUSTRALIA,26500
Toshiba,2018,INDIA,129900
Toshiba,2018,JAPAN,239100
Toshiba,2018,NEW ZEALAND,164600
Toshiba,2018,SINGAPORE,100000
Xiaomi,2018,AUSTRALIA,152900
Xiaomi,2018,INDIA,99500
Xiaomi,2018,JAPAN,85800
Xiaomi,2018,MALAYSIA,32700
Xiaomi,2018,NEW ZEALAND,18500
Xiaomi,2018,SINGAPORE,152500
Acer,2019,AUSTRALIA,117100
Acer,2019,INDIA,482600
Acer,2019,JAPAN,143800
Acer,2019,MALAYSIA,100100
Acer,2019,NEW ZEALAND,35500
Acer,2019,SINGAPORE,96700
AGB,2019,AUSTRALIA,151000
AGB,2019,INDIA,169000
AGB,2019,JAPAN,48900
AGB,2019,MALAYSIA,271200
AGB,2019,NEW ZEALAND,85100
AGB,2019,SINGAPORE,93800
Apple,2019,AUSTRALIA,69200
Apple,2019,INDIA,153100
Apple,2019,JAPAN,27200
Apple,2019,MALAYSIA,306900
Apple,2019,NEW ZEALAND,170100
Asus,2019,AUSTRALIA,139400
Asus,2019,INDIA,189400
Asus,2019,JAPAN,218100
Asus,2019,MALAYSIA,120500
Asus,2019,NEW ZEALAND,155000
Asus,2019,SINGAPORE,75200
Avita,2019,AUSTRALIA,27900
Avita,2019,INDIA,166400
Avita,2019,JAPAN,59200
Avita,2019,MALAYSIA,374400
Avita,2019,NEW ZEALAND,131200
Avita,2019,SINGAPORE,271500
Dell,2019,AUSTRALIA,73400
Dell,2019,INDIA,151600
Dell,2019,JAPAN,129300
Dell,2019,MALAYSIA,397100
Dell,2019,NEW ZEALAND,73800
Dell,2019,SINGAPORE,220500
Fujitsu,2019,AUSTRALIA,235700
Fujitsu,2019,INDIA,113100
Fujitsu,2019,JAPAN,172300
Fujitsu,2019,MALAYSIA,151100
Fujitsu,2019,NEW ZEALAND,163700
Fujitsu,2019,SINGAPORE,138200
HP,2019,INDIA,81300
HP,2019,JAPAN,120900
HP,2019,MALAYSIA,109600
HP,2019,NEW ZEALAND,49100
HP,2019,SINGAPORE,158100
Huawei,2019,AUSTRALIA,210900
Huawei,2019,INDIA,157700
Huawei,2019,JAPAN,157400
Huawei,2019,NEW ZEALAND,222500
iBall,2019,AUSTRALIA,231700
iBall,2019,INDIA,321700
iBall,2019,JAPAN,234900
iBall,2019,MALAYSIA,79600
iBall,2019,NEW ZEALAND,70700
iBall,2019,SINGAPORE,306800
I-Life,2019,AUSTRALIA,105200
I-Life,2019,INDIA,218300
I-Life,2019,MALAYSIA,212400
I-Life,2019,NEW ZEALAND,197100
I-Life,2019,SINGAPORE,183600
Lava,2019,AUSTRALIA,70600
Lava,2019,INDIA,216000
Lava,2019,JAPAN,302200
Lava,2019,MALAYSIA,226400
Lava,2019,NEW ZEALAND,34200
Lava,2019,SINGAPORE,344000
Lenovo,2019,AUSTRALIA,58200
Lenovo,2019,INDIA,118700
Lenovo,2019,JAPAN,105000
Lenovo,2019,MALAYSIA,263500
Lenovo,2019,NEW ZEALAND,68500
Lenovo,2019,SINGAPORE,202100
LG,2019,AUSTRALIA,107600
LG,2019,JAPAN,89500
LG,2019,MALAYSIA,140100
LG,2019,NEW ZEALAND,321200
Micromax,2019,AUSTRALIA,82300
Micromax,2019,MALAYSIA,169000
Micromax,2019,NEW ZEALAND,101300
Micromax,2019,SINGAPORE,78000
MSI,2019,AUSTRALIA,268900
MSI,2019,INDIA,75600
MSI,2019,MALAYSIA,150500
MSI,2019,NEW ZEALAND,118400
MSI,2019,SINGAPORE,162900
Razer,2019,AUSTRALIA,126200
Razer,2019,INDIA,120400
Razer,2019,MALAYSIA,115600
Razer,2019,NEW ZEALAND,233800
Razer,2019,SINGAPORE,54400
RDP,2019,AUSTRALIA,135800
RDP,2019,INDIA,32500
RDP,2019,JAPAN,124400
RDP,2019,MALAYSIA,124800
RDP,2019,NEW ZEALAND,181300
RDP,2019,SINGAPORE,214000
Reach,2019,AUSTRALIA,247600
Reach,2019,INDIA,49400
Reach,2019,JAPAN,51700
Reach,2019,MALAYSIA,110500
Reach,2019,NEW ZEALAND,175900
Reach,2019,SINGAPORE,286600
Samsung,2019,AUSTRALIA,96100
Samsung,2019,INDIA,150300
Samsung,2019,JAPAN,179600
Samsung,2019,MALAYSIA,50500
Samsung,2019,NEW ZEALAND,134700
Samsung,2019,SINGAPORE,104200
Sony,2019,AUSTRALIA,152000
Sony,2019,INDIA,159000
Sony,2019,JAPAN,128100
Sony,2019,NEW ZEALAND,167200
Sony,2019,SINGAPORE,69900
Toshiba,2019,AUSTRALIA,244700
Toshiba,2019,INDIA,75500
Toshiba,2019,JAPAN,272000
Toshiba,2019,MALAYSIA,64800
Toshiba,2019,NEW ZEALAND,161000
Toshiba,2019,SINGAPORE,217100
Xiaomi,2019,AUSTRALIA,86000
Xiaomi,2019,INDIA,258300
Xiaomi,2019,JAPAN,107100
Xiaomi,2019,MALAYSIA,174400
Xiaomi,2019,NEW ZEALAND,265200
Xiaomi,2019,SINGAPORE,122900
Acer,2020,AUSTRALIA,130200
Acer,2020,INDIA,258900
Acer,2020,JAPAN,183700
Acer,2020,MALAYSIA,41700
Acer,2020,NEW ZEALAND,108700
Acer,2020,SINGAPORE,61200
AGB,2020,AUSTRALIA,100800
AGB,2020,INDIA,304700
AGB,2020,JAPAN,210100
AGB,2020,MALAYSIA,365300
AGB,2020,NEW ZEALAND,174600
AGB,2020,SINGAPORE,213700
Apple,2020,INDIA,128100
Apple,2020,JAPAN,61500
Apple,2020,MALAYSIA,272900
Apple,2020,NEW ZEALAND,224700
Apple,2020,SINGAPORE,116800
Asus,2020,AUSTRALIA,110100
Asus,2020,INDIA,230500
Asus,2020,JAPAN,32500
Asus,2020,MALAYSIA,145800
Asus,2020,NEW ZEALAND,74700
Asus,2020,SINGAPORE,212400
Avita,2020,AUSTRALIA,154700
Avita,2020,INDIA,77000
Avita,2020,JAPAN,92800
Avita,2020,NEW ZEALAND,247400
Avita,2020,SINGAPORE,179000
Dell,2020,AUSTRALIA,34500
Dell,2020,INDIA,152400
Dell,2020,JAPAN,193000
Dell,2020,MALAYSIA,159300
Dell,2020,NEW ZEALAND,176200
Dell,2020,SINGAPORE,61700
Fujitsu,2020,AUSTRALIA,209600
Fujitsu,2020,INDIA,174700
Fujitsu,2020,JAPAN,296100
Fujitsu,2020,NEW ZEALAND,101800
Fujitsu,2020,SINGAPORE,230600
HP,2020,AUSTRALIA,52000
HP,2020,INDIA,126600
HP,2020,JAPAN,10200
HP,2020,MALAYSIA,175100
HP,2020,NEW ZEALAND,44100
HP,2020,SINGAPORE,79500
Huawei,2020,AUSTRALIA,130200
Huawei,2020,INDIA,325500
Huawei,2020,JAPAN,178400
Huawei,2020,MALAYSIA,451700
Huawei,2020,SINGAPORE,146600
iBall,2020,AUSTRALIA,134400
iBall,2020,INDIA,140300
iBall,2020,JAPAN,22700
iBall,2020,MALAYSIA,331000
iBall,2020,NEW ZEALAND,228200
iBall,2020,SINGAPORE,63800
I-Life,2020,AUSTRALIA,253400
I-Life,2020,INDIA,89400
I-Life,2020,JAPAN,197800
I-Life,2020,MALAYSIA,366300
I-Life,2020,NEW ZEALAND,75000
I-Life,2020,SINGAPORE,74900
Lava,2020,AUSTRALIA,197000
Lava,2020,INDIA,238800
Lava,2020,JAPAN,87500
Lava,2020,MALAYSIA,39700
Lava,2020,NEW ZEALAND,166500
Lava,2020,SINGAPORE,110300
Lenovo,2020,AUSTRALIA,310400
Lenovo,2020,INDIA,135900
Lenovo,2020,JAPAN,109800
Lenovo,2020,MALAYSIA,223600
Lenovo,2020,NEW ZEALAND,31600
Lenovo,2020,SINGAPORE,66500
LG,2020,AUSTRALIA,138000
LG,2020,INDIA,56400
LG,2020,JAPAN,79000
LG,2020,MALAYSIA,176500
LG,2020,NEW ZEALAND,119400
LG,2020,SINGAPORE,148600
Micromax,2020,AUSTRALIA,289900
Micromax,2020,INDIA,27100
Micromax,2020,JAPAN,133300
Micromax,2020,MALAYSIA,61100
Micromax,2020,NEW ZEALAND,166700
Micromax,2020,SINGAPORE,32900
MSI,2020,AUSTRALIA,200400
MSI,2020,INDIA,207000
MSI,2020,JAPAN,227700
MSI,2020,MALAYSIA,91300
MSI,2020,NEW ZEALAND,81100
MSI,2020,SINGAPORE,142500
Razer,2020,AUSTRALIA,60200
Razer,2020,INDIA,117200
Razer,2020,JAPAN,56100
Razer,2020,MALAYSIA,65300
Razer,2020,NEW ZEALAND,92800
Razer,2020,SINGAPORE,168500
RDP,2020,AUSTRALIA,171400
RDP,2020,INDIA,97200
RDP,2020,JAPAN,36900
RDP,2020,MALAYSIA,56800
RDP,2020,NEW ZEALAND,212500
RDP,2020,SINGAPORE,113900
Reach,2020,AUSTRALIA,193600
Reach,2020,INDIA,408600
Reach,2020,JAPAN,34700
Reach,2020,MALAYSIA,50800
Reach,2020,NEW ZEALAND,107800
Reach,2020,SINGAPORE,122000
Samsung,2020,AUSTRALIA,129300
Samsung,2020,INDIA,206100
Samsung,2020,MALAYSIA,140800
Samsung,2020,NEW ZEALAND,79400
Samsung,2020,SINGAPORE,204200
Sony,2020,INDIA,139400
Sony,2020,JAPAN,48300
Sony,2020,MALAYSIA,154700
Sony,2020,NEW ZEALAND,81700
Sony,2020,SINGAPORE,56100
Toshiba,2020,JAPAN,173100
Toshiba,2020,MALAYSIA,83500
Toshiba,2020,NEW ZEALAND,73300
Xiaomi,2020,AUSTRALIA,157600
Xiaomi,2020,JAPAN,98400
Xiaomi,2020,MALAYSIA,132500
Xiaomi,2020,NEW ZEALAND,137600
Xiaomi,2020,SINGAPORE,102200
